<class_libraries>
  <library path="lib/libsimple_layer">
    <class type="simple_layer_namespace::SimpleLayer" base_class_type="costmap_2d::Layer">
      <description>Demo Layer that adds a point 1 meter in front of the robot</description>
    </class>
  </library>
  <library path="lib/libgrid_layer">
    <class type="simple_layer_namespace::GridLayer" base_class_type="costmap_2d::Layer">
      <description>Demo Layer that marks all points that were ever one meter in front of the robot</description>
    </class>
  </library>
</class_libraries>